Category,Label,Slug,Relative Path,External URL
Main Page,Home,"/",/,https://www.securecash.com.au/
Main Page,About Us,about-us,/about-us,https://www.securecash.com.au/about-us
Main Page,AUSTRAC,austrac,/austrac,https://www.securecash.com.au/austrac
Main Page,Blog,blog,/blog,https://www.securecash.com.au/blog
Main Page,Contact,contact,/contact,https://www.securecash.com.au/contact
Main Page,Franchise,franchise,/franchise,https://www.securecash.com.au/franchise
Main Page,ICA,ica,/ica,https://www.securecash.com.au/ica
Main Page,Partners,partners,/partners,https://www.securecash.com.au/partners
Main Page,Quote,quote,/quote,https://www.securecash.com.au/quote
Main Page,Site Info,site-info,/site-info,https://www.securecash.com.au/site-info
Main Page,Special Event,special-event,/special-event,https://www.securecash.com.au/special-event
Main Page,Terms,terms,/terms,https://www.securecash.com.au/terms
Main Page,Welcome,welcome,/welcome,https://www.securecash.com.au/welcome
Main Page,Free Change Order Service,services/free-change-order-service,/services/free-change-order-service,https://www.securecash.com.au/services/free-change-order-service
Main Page,Privacy Policy,privacy-policy,/privacy-policy,https://www.securecash.com.au/privacy-policy
Main Page,Induction,induction,/induction,https://www.securecash.com.au/induction
Service,Armoured Car Service,armoured-car-service,/services/armoured-car-service,https://www.securecash.com.au/armoured-car-service
Service,Bank Runs,bank-runs,/services/bank-runs,https://www.securecash.com.au/bank-runs
Service,Banking Collection,banking-collection,/services/banking-collection,https://www.securecash.com.au/banking-collection
Service,Banking Pickups,banking-pickups,/services/banking-pickups,https://www.securecash.com.au/banking-pickups
Service,Banking Services Central Coast,banking-services-central-coast,/services/banking-services-central-coast,https://www.securecash.com.au/banking-services-central-coast
Service,Banking Services Maitland,banking-services-maitland,/services/banking-services-maitland,https://www.securecash.com.au/banking-services-maitland
Service,Banking Services Melbourne,banking-services-melbourne,/services/banking-services-melbourne,https://www.securecash.com.au/banking-services-melbourne
Service,Banking Services Newcastle,banking-services-newcastle,/services/banking-services-newcastle,https://www.securecash.com.au/banking-services-newcastle
Service,Cash Collection,cash-collection,/services/cash-collection,https://www.securecash.com.au/cash-collection
Service,Cash Collection Adelaide,cash-collection-adelaide,/services/cash-collection-adelaide,https://www.securecash.com.au/cash-collection-adelaide
Service,Cash Collection Bendigo,cash-collection-bendigo,/services/cash-collection-bendigo,https://www.securecash.com.au/cash-collection-bendigo
Service,Cash Collection Brisbane,cash-collection-brisbane,/services/cash-collection-brisbane,https://www.securecash.com.au/cash-collection-brisbane
Service,Cash Collection Cairns,cash-collection-cairns,/services/cash-collection-cairns,https://www.securecash.com.au/cash-collection-cairns
Service,Cash Collection Canberra,cash-collection-canberra,/services/cash-collection-canberra,https://www.securecash.com.au/cash-collection-canberra
Service,Cash Collection Central Coast,cash-collection-central-coast,/services/cash-collection-central-coast,https://www.securecash.com.au/cash-collection-central-coast
Service,Cash Collection Hobart,cash-collection-hobart,/services/cash-collection-hobart,https://www.securecash.com.au/cash-collection-hobart
Service,Cash Collection Kadina,cash-collection-kadina,/services/cash-collection-kadina,https://www.securecash.com.au/cash-collection-kadina
Service,Cash Collection Melbourne,cash-collection-melbourne,/services/cash-collection-melbourne,https://www.securecash.com.au/cash-collection-melbourne
Service,Cash Collection Newcastle,cash-collection-newcastle,/services/cash-collection-newcastle,https://www.securecash.com.au/cash-collection-newcastle
Service,Cash Collection Perth,cash-collection-perth,/services/cash-collection-perth,https://www.securecash.com.au/cash-collection-perth
Service,Cash Collection Service Adelaide,cash-collection-service-adelaide,/services/cash-collection-service-adelaide,https://www.securecash.com.au/cash-collection-service-adelaide
Service,Cash Collection Service Canberra,cash-collection-service-canberra,/services/cash-collection-service-canberra,https://www.securecash.com.au/cash-collection-service-canberra
Service,Cash Collection Service Melbourne,cash-collection-service-melbourne,/services/cash-collection-service-melbourne,https://www.securecash.com.au/cash-collection-service-melbourne
Service,Cash Collection Service Newcastle,cash-collection-service-newcastle,/services/cash-collection-service-newcastle,https://www.securecash.com.au/cash-collection-service-newcastle
Service,Cash Collection Services,cash-collection-services,/services/cash-collection-services,https://www.securecash.com.au/cash-collection-services
Service,Cash Collection Sydney,cash-collection-sydney,/services/cash-collection-sydney,https://www.securecash.com.au/cash-collection-sydney
Service,Cash Collection Toowoomba,cash-collection-toowoomba,/services/cash-collection-toowoomba,https://www.securecash.com.au/cash-collection-toowoomba
Service,Cash Collection Warrawong,cash-collection-warrawong,/services/cash-collection-warrawong,https://www.securecash.com.au/cash-collection-warrawong
Service,Cash Collection Wollongong,cash-collection-wollongong,/services/cash-collection-wollongong,